{"cameraMode":{"drawMode":0,"name":"Shaded","section":"Shading Mode"},"sceneLighting":true,"audioPlay":false,"sceneViewState":{"m_AlwaysRefresh":false,"showFog":true,"showSkybox":true,"showFlares":true,"showImageEffects":true,"showParticleSystems":true,"showVisualEffectGraphs":true,"m_FxEnabled":true},"in2DMode":false,"pivot":{"x":5.966883659362793,"y":15.703768730163575,"z":28.380826950073243},"rotation":{"x":0.6114382147789002,"y":0.005934540182352066,"z":-0.004585876129567623,"w":0.7912569642066956},"size":36.093162536621097,"orthographic":false}