{"cameraMode":{"drawMode":0,"name":"Shaded","section":"Shading Mode"},"sceneLighting":true,"audioPlay":false,"sceneViewState":{"m_AlwaysRefresh":false,"showFog":true,"showSkybox":false,"showFlares":true,"showImageEffects":true,"showParticleSystems":true,"showVisualEffectGraphs":true,"m_FxEnabled":true},"in2DMode":false,"pivot":{"x":70.08023834228516,"y":20.463838577270509,"z":22.32686424255371},"rotation":{"x":0.17995062470436097,"y":-0.543705403804779,"z":0.12067491561174393,"w":0.8108387589454651},"size":0.019436655566096307,"orthographic":false}