{"cameraMode":{"drawMode":0,"name":"Shaded","section":"Shading Mode"},"sceneLighting":true,"audioPlay":false,"sceneViewState":{"m_AlwaysRefresh":false,"showFog":true,"showSkybox":true,"showFlares":true,"showImageEffects":true,"showParticleSystems":true,"showVisualEffectGraphs":true,"m_FxEnabled":true},"in2DMode":false,"pivot":{"x":26.082530975341798,"y":-12.608060836791993,"z":4.382469177246094},"rotation":{"x":0.17328022420406342,"y":-0.8242781758308411,"z":0.34461942315101626,"w":0.4144604802131653},"size":26.30377769470215,"orthographic":false}