{"cameraMode":{"drawMode":0,"name":"Shaded","section":"Shading Mode"},"sceneLighting":true,"audioPlay":false,"sceneViewState":{"m_AlwaysRefresh":false,"showFog":true,"showSkybox":false,"showFlares":true,"showImageEffects":true,"showParticleSystems":true,"showVisualEffectGraphs":true,"m_FxEnabled":true},"in2DMode":false,"pivot":{"x":33.21725845336914,"y":41.82794952392578,"z":29.306690216064454},"rotation":{"x":-0.4748487174510956,"y":-0.32245197892189028,"z":0.19236648082733155,"w":-0.7959576845169067},"size":0.02098689042031765,"orthographic":false}