{"cameraMode":{"drawMode":0,"name":"Shaded","section":"Shading Mode"},"sceneLighting":true,"audioPlay":false,"sceneViewState":{"m_AlwaysRefresh":false,"showFog":true,"showSkybox":true,"showFlares":true,"showImageEffects":true,"showParticleSystems":true,"showVisualEffectGraphs":true,"m_FxEnabled":true},"in2DMode":false,"pivot":{"x":26.592432022094728,"y":-60.97153091430664,"z":16.405006408691408},"rotation":{"x":0.48395368456840517,"y":-0.5160506963729858,"z":0.5007997751235962,"w":0.49869847297668459},"size":77.18597412109375,"orthographic":false}