{"cameraMode":{"drawMode":0,"name":"Shaded","section":"Shading Mode"},"sceneLighting":true,"audioPlay":false,"sceneViewState":{"m_AlwaysRefresh":false,"showFog":true,"showSkybox":true,"showFlares":true,"showImageEffects":true,"showParticleSystems":true,"showVisualEffectGraphs":true,"m_FxEnabled":true},"in2DMode":false,"pivot":{"x":-14.715456008911133,"y":10.494980812072754,"z":30.120344161987306},"rotation":{"x":-0.16285140812397004,"y":0.8325477838516235,"z":-0.32339397072792055,"w":-0.41924551129341128},"size":9.706899817274462e-8,"orthographic":true}