{"cameraMode":{"drawMode":0,"name":"Shaded","section":"Shading Mode"},"sceneLighting":true,"audioPlay":false,"sceneViewState":{"m_AlwaysRefresh":false,"showFog":true,"showSkybox":true,"showFlares":true,"showImageEffects":true,"showParticleSystems":true,"showVisualEffectGraphs":true,"m_FxEnabled":true},"in2DMode":false,"pivot":{"x":-11.508255004882813,"y":90.18411254882813,"z":12.615922927856446},"rotation":{"x":0.6114382147789002,"y":0.005934540182352066,"z":-0.004585876129567623,"w":0.7912569642066956},"size":12.12435531616211,"orthographic":false}